﻿tra_drink_name,tra_drink_type,tra_drink_sweet,tra_drink_after,tra_drink_body,tra_drink_bitter,tra_drink_sour,tra_drink_acid,tra_drink_tannin,tra_drink_price,tra_drink_alc,tra_drink_date,tra_drink_storage,tra_drink_snack,tra_drink_img,태그,설명
자연담은 복분자막걸리,0,4,0,2,1,2,0,0,3250,6,제조일로부터 1년,냉장 보관,"전복 버터구이, 삼계탕, 장어구이",https://d38cxpfv0ljg7q.cloudfront.net/admin_contents/detail/mcu5-1645437591022-%EC%9E%90%EC%97%B0%EB%8B%B4%EC%9D%80%20%EB%B3%B5%EB%B6%84%EC%9E%90%20%EB%A7%89%EA%B1%B8%EB%A6%AC-7.jpg,#부드러운 달콤함 #기력 회복에는 복분자,생쌀 발효를 거쳐 만든 복분자 막걸리
지란지교,0,4,0,4,2,3,0,0,16000,12,제조일로부터 90일,냉장 보관,"불족발, 곱창, 훈제오리 냉채",https://d38cxpfv0ljg7q.cloudfront.net/admin_contents/detail/9gfk-1633669822360-%EC%A7%80%EB%9E%80%EC%A7%80%EA%B5%90+%ED%83%81%EC%A3%BC1.jpg,#짜릿하고 새콤한 맛과 향 #부부가 만든 술,진짜 수제 막걸리의 품격
지란지교 무화과 탁주,0,4,0,4,2,3,0,0,17000,12,제조일로부터 90일,냉장 보관,"불족발, 곱창, 훈제오리 냉채",https://d38cxpfv0ljg7q.cloudfront.net/admin_contents/detail/IrS1-1633053193961-%EC%A7%80%EB%9E%80%EC%A7%80%EA%B5%90+%EB%AC%B4%ED%99%94%EA%B3%BC1.jpg,#나 혼자 XX 방송에 나온 술! #달콤한 무화과의 풍미 #부부가 함께 만든 술,국내 최초 무화과가 들어간 수제 막걸리
지란지교 약청주,1,3,0,3,2,4,0,0,25000,15,제조일로부터 180일,냉장 보관,"간장 치킨, 굴국, 버섯 볶음",https://d38cxpfv0ljg7q.cloudfront.net/admin_contents/detail/0627-1654681288573-thumb.jpg,#진득한 달콤씁쓸 #부부가 함께 만든 술,수제 방식의 달콤한 약주
꽃 와인,2,3,0,3,0,3,0,0,19000,11.5,유통기한 없음,직사광선을 피해 서늘한 곳에 보관,,https://d38cxpfv0ljg7q.cloudfront.net/admin_contents/detail/CIwg-1660891902410-1.jpg,#청포도 와인 #이육사 꽃,새콤달콤한 포도향이 피어오르는 화이트 와인
로제와인,2,3,0,3,0,3,0,2,22000,12,유통기한 없음,상온 보관 가능,"과일치즈, 불고기, 로제 떡볶이",https://d38cxpfv0ljg7q.cloudfront.net/admin_contents/detail/Q6pS-1637544263955-%EC%83%A4%ED%86%A0%EB%AF%B8%EC%86%8C%20%EB%A1%9C%EC%A0%9C%20%EC%99%80%EC%9D%B8%20%EC%8A%A4%EC%9C%84%ED%8A%B8-2.jpg,#캠벨포도로 만든 로제 와인 #딸기잼같이 달콤한 맛,장미꽃 향 가득한 새콤달콤 로제 와인
모리,3,0,2,3,0,0,0,0,9800,19,유통기한 없음,상온 보관 가능,"버섯 전골, 굴, 오징어 숙회",https://d38cxpfv0ljg7q.cloudfront.net/admin_contents/detail/43PR-1680503975541-mori+%282%29.jpg,#은은한 바닐라 풍미 #보리로 만든 소주,오크 숙성으로 중후한 풍미를 더한 보리 소주
고도리 화이트와인 스위트,2,3,0,3,0,3,0,0,20000,10.5,유통기한 없음,직사광선을 피해 서늘한 곳에 보관,"조개구이, 닭가슴살, 흰살생선회",https://d38cxpfv0ljg7q.cloudfront.net/admin_contents/detail/B68U-1645516585523-%EA%B3%A0%EB%8F%84%EB%A6%AC%20%ED%99%94%EC%9D%B4%ED%8A%B8%20%EC%99%80%EC%9D%B8%20%EC%8A%A4%EC%9C%84%ED%8A%B8-2.jpg,#거봉으로 만든 와인 #예쁜 색감,화이트와인이 화이트가 아니네?
고도리 청수 와인,2,4,0,2,0,3,0,0,25000,10.5,유통기한 없음,직사광선을 피해 서늘한 곳에 보관,"과일 샐러드, 고르곤졸라 피자, 흰살생선회",https://d38cxpfv0ljg7q.cloudfront.net/admin_contents/detail/0TWZ-1631758801622-%EA%B3%A0%EB%8F%84%EB%A6%AC+%EC%B2%AD%EC%88%98+%ED%99%94%EC%9D%B4%ED%8A%B8+%EC%99%80%EC%9D%B8-1.jpg,#청수 화이트와인 #오크숙성,국내 유일의 오크숙성을 거친 청수와인
고도리 복숭아와인,2,4,0,2,0,4,0,2,23000,6.5,유통기한 없음,직사광선을 피해 서늘한 곳에 보관,,https://d38cxpfv0ljg7q.cloudfront.net/admin_contents/detail/xdPQ-1642143289464-gdr%20bsa0.jpg,#복숭아로 만든 와인 #아이스 와인,뭐야? 주스가 아니라 술이였어?
동학 1957,1,2,0,2,3,4,0,0,3800,13,제조일로부터 2년,냉장 보관,"들깨수제비, 궁중 떡볶이, 된장찌개",https://d38cxpfv0ljg7q.cloudfront.net/admin_contents/detail/TOnv-1655794504098-1.jpg,#구수한 쌀의 맛 #담백한 맛 뒤 느껴지는 쌉쌀함,평창동계올림픽 공식 판매주로 선정된 우리 쌀로 빚은 청주
려,3,0,4,4,0,0,0,0,42000,40,유통기한 없음,상온 보관 가능,"동파육, 곱창, 족발",https://d38cxpfv0ljg7q.cloudfront.net/admin_contents/detail/h8FZ-1672193328950-40+%282%29.jpg,#고구마로 만든 소주 #맛있는 '려'석들,코 끝에 자리잡는 달큰한 고구마 향
그랑꼬또 청수,2,1,0,4,0,4,0,0,61500,12,유통기한 없음,상온 보관 가능,"게살 볶음밥, 봉골레 파스타, 굴 튀김",https://d38cxpfv0ljg7q.cloudfront.net/admin_contents/detail/nJPE-1636942060442-%EA%B7%B8%EB%9E%91%EA%BC%AC%EB%98%90%20%EC%B2%AD%EC%88%98%20%ED%99%94%EC%9D%B4%ED%8A%B8%EC%99%80%EC%9D%B8.jpg,#드라이한 화이트 와인 #국산 청포도 청수,대부도 포도밭에서 만들어지는 와인의 진가
바랑 탁,0,4,0,3,2,4,0,0,18000,15,제조일로부터 90일,냉장 보관,"족발, 불고기, 주꾸미 볶음",https://d38cxpfv0ljg7q.cloudfront.net/admin_contents/detail/oyHr-1683184429542-thumbnail.jpg,#전통누룩 한 스푼 #생쌀발효,안동의 양반집안에서 만들어지는 새콤달콤 삼양주
별바랑,1,3,0,4,1,5,0,0,34200,17.5,제조일로부터 180일,냉장 보관,"방어회, 감자전, 탕수육",https://d38cxpfv0ljg7q.cloudfront.net/admin_contents/detail/64SS-1683184338818-thumbnail.jpg,#세계가 인정한 술 #맛있는 산미,생쌀 발효로 만든 수제 약주
금설,3,0,4,4,0,0,0,0,35000,35,유통기한 없음,상온 보관 가능,"버섯 전골, 삼계탕, 농어회",https://d38cxpfv0ljg7q.cloudfront.net/admin_contents/detail/izr4-1660285384158-resize_-6.jpg,#금빛 눈보라 #조명도 받아가세요,"이젠, 분위기에도 증류주에요!"
미르아토 로제와인,2,4,0,2,0,3,1,2,18000,5,유통기한 없음,냉장 보관,"에그타르트, 토스트, 로제 파스타",https://d38cxpfv0ljg7q.cloudfront.net/admin_contents/detail/M5jI-1663305113642-0.jpg,#마치 딸기잼을 먹은 듯 진한 달콤함 #가볍게 한잔하고 싶을 때,세 가지 포도를 블렌딩해서 만든 탄산 톡톡 스파클링 와인
사과와인,2,3,0,2,0,3,0,0,23000,7,유통기한 없음,직사광선을 피해 서늘한 곳에 보관,"월남쌈, 훈제오리 냉채, 분짜",https://d38cxpfv0ljg7q.cloudfront.net/admin_contents/detail/s8PT-1670345629422-1.jpg,#레몬주스 마시듯 #깔끔하게 떨어지는 새콤함,양조장에서 직접 재배한 사과로 만든 드라이한 와인
복숭아와인,2,4,0,3,0,2,0,0,16000,12,유통기한 없음,직사광선을 피해 서늘한 곳에 보관,"롤 케이크, 마들렌, 광어회",https://d38cxpfv0ljg7q.cloudfront.net/admin_contents/detail/Y6Ji-1681463378255-peach%20%283%29-min.jpg,#복숭아로 만든 와인 #달콤한 백도 한가득,달콤한 복숭아 한가득 들어간 복숭아 와인
금풍양조,0,3,0,3,1,2,0,0,30000,6.9,제조일로부터 30일,냉장 보관,"메밀 전병, 도토리묵 무침, 두부김치",https://d38cxpfv0ljg7q.cloudfront.net/admin_contents/detail/4fpe-1652434954239-1.jpg,#우리나라 최초 비건 막걸리 #은은한 단맛과 가벼운 막걸리를 좋아한다면,강화도에서 3대째 운영하는 양조장의 막걸리
선호 생막걸리,0,2,0,1,2,3,1,0,2125,6,제조일로부터 20일,냉장 보관,"두부구이, 나쵸, 해물 파전",https://d38cxpfv0ljg7q.cloudfront.net/admin_contents/detail/jifZ-1657597677794-00.jpg,#깔끔함 #드라이한,누구나 다 선호 할 만한 맛
김포특주,1,3,0,3,4,2,0,0,3600,15,제조일로부터 2년,직사광선을 피해 서늘한 곳에 보관,"간장 게장, 감자탕, 시금치 무침",https://d38cxpfv0ljg7q.cloudfront.net/admin_contents/detail/dCC0-1657597631019-00.jpg,#부담없이 마시기 좋아요 #고소달콤,통진미로 빚은 김포의 특별한 술
화주,3,0,3,2,0,0,0,0,64000,40,유통기한 없음,상온 보관 가능,"굴비, 곱창전골, 홍어 삼합",https://d38cxpfv0ljg7q.cloudfront.net/admin_contents/detail/XpFS-1662101466971-0.jpg,#고소한 증류주 #고도수,천비향 약주를 증류한 소주
송이주,1,2,0,3,1,4,0,0,15000,13,제조일로부터 3년,상온 보관 가능,"두부구이, 광어회, 등심 스테이크",https://d38cxpfv0ljg7q.cloudfront.net/admin_contents/detail/2TRY-1654855378047-thumb.jpg,#꽃‘송이’가 #그래 그래 피었네,자연산 송이의 상쾌함을 느껴보세요.
능이주,1,1,0,3,2,4,0,0,13500,13,제조일로부터 3년,직사광선을 피해 서늘한 곳에 보관,"막창, 시래기 무침, 족발",https://d38cxpfv0ljg7q.cloudfront.net/admin_contents/detail/zHVf-1654855732966-thumb.jpg,#올림픽 만찬주 #약이 되는 술,눈 감고 마시면 ‘화이트 와인’으로 알아유~
달홀진주25,3,0,2,2,0,0,0,0,13500,25,유통기한 없음,냉장 보관,"문어 숙회, 참소라, 봉골레 파스타",https://d38cxpfv0ljg7q.cloudfront.net/admin_contents/detail/GnUs-1687311482122-%7F%7F%7F.jpg,#달콤한 향 #고소한 여운,보배처럼 한 방울씩 정성스레 내린 강원도 고성의 증류주
달홀진주40,3,0,4,4,0,0,0,0,19500,40,유통기한 없음,상온 보관 가능,"골뱅이 무침, 오일 파스타, 감바스",https://d38cxpfv0ljg7q.cloudfront.net/admin_contents/detail/n4jH-1642728692094-1.jpg,#달달한 맛에 그렇지 못한 작열감 #시원한 배 향,고성에서 만들어지는 보석 같은 술
오롯이 복숭아,2,2,0,2,0,3,1,0,15000,9,유통기한 없음,냉장 보관,"과일치즈, 애플 파이, 크로아상",https://d38cxpfv0ljg7q.cloudfront.net/admin_contents/detail/eSpM-1655441226949-thumb.jpg,#복숭아 잼처럼 진득한 단맛 #탄산이 톡톡,복숭아의 달콤함을 오롯이 담아냈어요~
우주멜론미 스파클링 막걸리,0,4,0,1,1,1,1,0,6000,5,제조일로부터 90일,냉장 보관,"과일 샐러드, 카나페, 애플 파이",https://d38cxpfv0ljg7q.cloudfront.net/admin_contents/detail/62UN-1668150211070-0.jpg,#병째로 들이켜고 싶은 #청량감 넘치는 스파클링 막걸리,곡성의 머스크멜론으로 만든 달달한 스파클링 멜론 막걸리
하타,1,2,0,2,4,2,0,0,20000,16,제조일로부터 180일,냉장 보관,"오뎅탕, 고등어구이, 생선회",https://d38cxpfv0ljg7q.cloudfront.net/admin_contents/detail/90HB-1661128019239-0.jpg,#백제에서 일본으로 #드라이한 청주,이 술은 백제에서 최초로 시작되어...
겨울소주25,3,0,3,3,0,0,0,0,10000,25,유통기한 없음,상온 보관 가능,"매운탕, 삼겹살, 오돌뼈",https://d38cxpfv0ljg7q.cloudfront.net/admin_contents/detail/pDC4-1672192898690-25-5.jpg,#부드러움 #곡물향,"겨울소주 1병, 희석식 소주 10병 안 부럽다"
겨울소주45,3,0,5,4,0,0,0,0,25000,45,유통기한 없음,상온 보관 가능,"버섯 전골, 삼계탕, 갈비찜",https://d38cxpfv0ljg7q.cloudfront.net/admin_contents/detail/K9wG-1672192974489-45-4.jpg,#2번의 겨울이 담긴 술 #쌀소주의 감칠맛,겨울에 빚어 이듬해 겨울에 완성되는 기다림의 소주
오산막걸리,0,2,0,4,2,2,0,0,4000,6,제조일로부터 30일,냉장 보관,"김치전, 계란말이, 견과류",https://d38cxpfv0ljg7q.cloudfront.net/admin_contents/detail/HmCf-1656438760455-0.jpg,#달지 않아요 #담백한,플레인 요거트 같은 가벼운 막걸리
여유25,3,0,3,3,0,0,0,0,13500,25,유통기한 없음,냉장 보관,"잡채, 육전, 두부부침",https://d38cxpfv0ljg7q.cloudfront.net/admin_contents/detail/TiXY-1683182786282-thumbnail.jpg,#코가 뻥 뚫리는 화사함 #여유 한 잔 챙겨보세요,논산에서 재배한 쌀로 만든 달콤하고 화사한 증류주
여유19,3,0,2,2,0,0,0,0,11200,19,유통기한 없음,상온 보관 가능,"소 불고기, 제육 볶음, 콩나물 무침",https://d38cxpfv0ljg7q.cloudfront.net/admin_contents/detail/ayGA-1658114266997-1.jpg,#담백 깔끔 쌀 소주 #반주로 제격,우렁이농법으로 재배한 무농약 쌀로 만든 소주
감천막걸리,0,3,0,4,1,2,0,0,7000,6,제조일로부터 60일,냉장 보관,"해물 라면, 돼지고기 김치찜, 국물 떡볶이",https://d38cxpfv0ljg7q.cloudfront.net/admin_contents/detail/e4Gn-1675411535686-1.jpg,#시원한 참외 향 #식혜처럼 가벼운 단맛,부산 감천문화마을 특구 사업을 위해 출시된 막걸리
선비 진,3,0,5,4,0,0,0,0,40000,48,유통기한 없음,상온 보관 가능,"과일 샐러드, 카프레제, 문어 숙회",https://d38cxpfv0ljg7q.cloudfront.net/admin_contents/detail/wreZ-1674198355943-1.jpg,#모히토 같은 상쾌함 #은은한 달콤함,올곧은 자세로 학문에 매진하는 선비의 정직함을 닮은 진
토끼 소주(블랙),3,0,4,4,0,0,0,0,40000,40,유통기한 없음,상온 보관 가능,"크림 새우, 양꼬치, 꿔바로우",https://d38cxpfv0ljg7q.cloudfront.net/admin_contents/detail/4wI9-1680502918953-rabbit+black+%282%29.jpg,#중식과 잘 어울리는 #화사한 향의 쌀 증류주,미국인이 출시한 우리나라 전통 증류식 소주
토끼 소주(화이트),3,0,2,2,0,0,0,0,30000,23,유통기한 없음,상온 보관 가능,"계란말이, 제육볶음, 동그랑땡",https://d38cxpfv0ljg7q.cloudfront.net/admin_contents/detail/ofNF-1674196242112-1.jpg,#물처럼 편안한 목 넘김 #가볍고 깔끔한 맛,미국인 손에 의해 탄생한 우리나라 증류주!
냥이탁주5,0,3,0,2,1,3,0,0,6000,5,제조일로부터 60일,냉장 보관,"호박전, 새우튀김, 꿔바로우",https://d38cxpfv0ljg7q.cloudfront.net/admin_contents/detail/bCTs-1631778967053-%EB%83%A5%EC%9D%B4%ED%83%81%EC%A3%BC+5%EB%8F%84+%282%29.jpg,#새콤달콤한 고양이 막걸리 #귀여운 술을 찾는다면,새콤달콤한 고양이 막걸리예요
냥이탁주9,0,3,0,3,3,3,0,0,8000,9,제조일로부터 60일,냉장 보관,"해물 파전, 양념 치킨, 간장 불고기",https://d38cxpfv0ljg7q.cloudfront.net/admin_contents/detail/ABQR-1631779563506-%EB%83%A5%EC%9D%B4%ED%83%81%EC%A3%BC+9%EB%8F%84+%281%29.jpg,#새콤달콤냥 #집사 전용 막걸리,5가지 부재료를 넣어 만든 새콤달콤한 막걸리
냥이탁주 화이트,0,3,0,3,1,3,0,0,10000,10.5,제조일로부터 60일,냉장 보관,"메밀소바, 삼치구이, 백순대 볶음",https://d38cxpfv0ljg7q.cloudfront.net/admin_contents/detail/ROi5-1674798733152-1.jpg,#솜이불을 덮은 듯 #부드러운 바디감,고양시에서 오직 쌀・물・누룩으로만 만드는 부드러운 막걸리
대대포 막걸리,0,3,0,2,1,2,0,0,3800,6,제조일로부터 30일,냉장 보관,"양념 치킨, 불닭볶음면, 떡볶이",https://d38cxpfv0ljg7q.cloudfront.net/admin_contents/detail/6GX6-1629348033497-%EB%8C%80%EB%8C%80%ED%8F%AC_%EA%B8%B0%EC%A1%B4%EB%9D%BC%EB%B2%A8-2.jpg,#꿀 먹은 막걸리 #라벨만큼은 죠니워커,벌꿀이 녹아 있는 가볍고 달콤한 막걸리
진맥소주 22%,3,0,2,3,0,0,0,0,22000,22,유통기한 없음,상온 보관 가능,"떡갈비, 수육, 전어회",https://d38cxpfv0ljg7q.cloudfront.net/admin_contents/detail/Jbzv-1625726727776-%EC%A7%84%EB%A7%A522-4.png,#고소한 소주 #빵 같은 소주,우리나라 전통소주에요. 근데 이제 고소한 ‘밀’을 곁들인
진맥소주 40%,3,0,4,4,0,0,0,0,49000,40,유통기한 없음,상온 보관 가능,"수육, 참치회, 하몽",https://d38cxpfv0ljg7q.cloudfront.net/admin_contents/detail/wD5v-1626589439410-%EC%A7%84%EB%A7%A540-6.png,#통밀로 만든 소주 #감칠맛이 일품,"서민갑부에 나온 그 양조장, 그 술 맞습니다"
진맥소주 53%,3,0,5,5,5,0,0,0,52000,53,유통기한 없음,상온 보관 가능,"수육, 참치회, 하몽",https://d38cxpfv0ljg7q.cloudfront.net/admin_contents/detail/EoKZ-1626589456472-%EC%A7%84%EB%A7%A553-3.png,#SFWSC 증류주 대회 1등 #감칠맛 끝판왕,"서민갑부에 나온 그 양조장, 그 술 맞습니다"
볼빨간막걸리 10,0,2,0,4,1,4,0,0,8000,10,제조일로부터 60일,냉장 보관,"맥앤치즈, 돼지국밥, 닭곰탕",https://d38cxpfv0ljg7q.cloudfront.net/admin_contents/detail/RcYR-1652435657056-1.jpg,#부산 찹쌀로 만든 무감미료 막걸리 #새콤달콤하고 구수해요,자꾸 들이켜다 보면 금세 볼이 빨개질 거예요~
밀담 24,3,0,3,4,0,0,0,0,15000,24,유통기한 없음,상온 보관 가능,"아몬드, 치즈플레이트, 파인애플",https://d38cxpfv0ljg7q.cloudfront.net/admin_contents/detail/1BcY-1654855665164-thumb.jpg,#럼콕으로 마시면 꿀맛 #홈바 필수템,해적의 술 럼(RUM) 맞아요!
밀담40,3,0,3,4,0,0,0,0,19900,40,유통기한 없음,상온 보관 가능,"아몬드, 치즈플레이트, 파인애플",https://d38cxpfv0ljg7q.cloudfront.net/admin_contents/detail/r9a3-1653530958733-mildam40_thumbnail.jpg,#럼콕으로 마시면 꿀맛 #홈바 필수템,해적의 술 럼(RUM) 맞아요!
라봉,0,2,0,2,1,4,1,0,6000,5.5,제조일로부터 30일,냉장 보관,"짜장면, 크림 파스타, 피자",https://d38cxpfv0ljg7q.cloudfront.net/admin_contents/detail/rmuu-1658114538962-1.jpg,#상큼함이 따봉 #짜릿한 탄산도 따봉,상큼한 맛을 좋아하신다면 알라봉할 수밖에 없을 거에요~
참주가 솔 막걸리,0,2,0,2,1,2,1,0,2500,5.5,제조일로부터 30일,냉장 보관,"삼계탕, 버섯구이, 차돌박이 숙주 찜",https://d38cxpfv0ljg7q.cloudfront.net/admin_contents/detail/ZXLH-1658114487703-1.jpg,#페퍼민트 차를 마신 듯 #뼛속까지 시원해지는 개운함,직접 심은 소나무에서 채취한 솔잎으로 만든 솔 막걸리
진도 백주,3,0,4,4,0,0,0,0,23000,38,유통기한 없음,상온 보관 가능,"까르보나라, 크림 새우, 크림 뇨끼",https://d38cxpfv0ljg7q.cloudfront.net/admin_contents/detail/UTA6-1682479792760-%EC%8D%B8%EB%84%A4%EC%9D%BC-2.jpg,#강렬한 작열감을 좋아하신다면 #진도홍주와 형제 사이,진도홍주의 백주 버전이에요
신애유자,2,3,0,3,0,4,1,0,5900,5,제조일로부터 2년,상온 보관 가능,"닭가슴살 샐러드, 양념 치킨, 페퍼로니 피자",https://d38cxpfv0ljg7q.cloudfront.net/admin_contents/detail/5NGV-1634530584930-%EB%8C%84%EC%8B%B1%EC%82%AC%EC%9D%B4%EB%8D%94%20%EC%8B%A0%EC%95%A0%EC%9C%A0%EC%9E%901.jpg,#레모네이드에 사과 한 조각 #유자 사이더,홍신애 요리연구소 X 댄싱사이더
루드베리,2,3,0,3,0,4,1,0,5900,4.5,제조일로부터 2년,직사광선을 피해 서늘한 곳에 보관,"크림 파스타, 카프레제, 피자",https://d38cxpfv0ljg7q.cloudfront.net/admin_contents/detail/QBcG-1654563486179-thumb.jpg,#사이더에_딸기_바질_추가요 #다채로운_허브향,애플사이더가 딸기로 돌아왔습니다!
요새로제,2,4,0,3,0,4,1,1,17900,6.4,제조일로부터 2년,상온 보관 가능,"물회, 라자냐, 치즈 케이크",https://d38cxpfv0ljg7q.cloudfront.net/admin_contents/detail/IUBI-1654568797609-thumb.jpg,#애플사이더 #사과 오미자 블렌딩,오미자와 사과를 블렌딩한 샴페인같은 로제 시드르
댄싱사이더 치키피치,2,3,0,3,0,4,1,0,6900,4.5,제조일로부터 2년,상온 보관 가능,"과일 샐러드, 페퍼로니 피자, 복숭아 타르트",https://d38cxpfv0ljg7q.cloudfront.net/admin_contents/detail/y4ka-1635929191182-%EC%B9%98%ED%82%A4%ED%94%BC%ED%82%A4.jpg,#복숭아 애플사이더 #댄싱사이더 시그니쳐,복숭아와 사과의 달콤한 변신!
원매,3,5,3,3,0,0,0,0,25000,15,유통기한 없음,상온 보관 가능,"골뱅이 무침, 초계국수, 칠리 새우",https://d38cxpfv0ljg7q.cloudfront.net/admin_contents/detail/vJ1i-1654249568912-1.jpg,#달콤 쌉싸름 #입안 가득 차오르는 매실 향,원매 한잔으로 매실의 근원을 느껴보세요
서울의 밤 40%,3,0,3,4,0,0,0,0,19000,40,유통기한 없음,상온 보관 가능,"크림 떡볶이, 게살 계란탕, 치즈 감자전",https://d38cxpfv0ljg7q.cloudfront.net/admin_contents/detail/MHj9-1671688368781-sb.jpg,#칵테일에 잘 어울리는 술 #달콤한 매실 향 가득!,오늘 '서울의 밤'은 맑고 깨끗합니다.
서울의 밤 25%,3,1,2,2,0,0,0,0,7900,25,유통기한 없음,상온 보관 가능,"샤브샤브, 광어회, 주꾸미 볶음",https://d38cxpfv0ljg7q.cloudfront.net/admin_contents/detail/eluC-1637227145655-%EC%84%9C%EC%9A%B8%EC%9D%98%EB%B0%A4.jpg,#매실로 만든 한국의 진(GIN) #부드럽고 깔끔하게,"늦은 밤, 어느 안주와도 어울리는 술"
샤토미소 랑 화이트와인,2,3,0,2,0,4,0,0,22000,12,유통기한 없음,냉장 보관,"LA갈비, 깐쇼새우, 감귤 타르트",https://d38cxpfv0ljg7q.cloudfront.net/admin_contents/detail/iHoy-1638522991814-%EC%83%A4%ED%86%A0%EB%AF%B8%EC%86%8C%20%EB%9E%91%20%ED%99%94%EC%9D%B4%ED%8A%B8%20%EC%99%80%EC%9D%B8%28%EC%8A%A4%EC%9C%84%ED%8A%B8%29.jpg,#달콤한 꽃 향기 #청포랑과 청수의 콜라보,청수와 머스캣 알렉산드리아로 블랜딩한 화이트와인
샤토미소 애플 와인,2,3,0,2,0,4,0,2,22000,9,유통기한 없음,상온 보관 가능,"수육, 월남쌈, 훈제오리 샐러드",https://d38cxpfv0ljg7q.cloudfront.net/admin_contents/detail/UcPl-1638528836707-%EC%83%A4%ED%86%A0%EB%AF%B8%EC%86%8C%20%EC%95%A0%ED%94%8C%20%EC%99%80%EC%9D%B8-2.jpg,#저절로 미소 짓게 되는 맛 #갓 딴 사과의 싱그러움,가을 감성 가득 담은 달콤한 사과 와인
샤토미소 로제 와인,2,3,0,3,0,3,0,2,22000,12,유통기한 없음,상온 보관 가능,"과일치즈, 불고기, 로제 떡볶이",https://d38cxpfv0ljg7q.cloudfront.net/admin_contents/detail/Q6pS-1637544263955-%EC%83%A4%ED%86%A0%EB%AF%B8%EC%86%8C%20%EB%A1%9C%EC%A0%9C%20%EC%99%80%EC%9D%B8%20%EC%8A%A4%EC%9C%84%ED%8A%B8-2.jpg,#캠벨포도로 만든 로제 와인 #딸기잼같이 달콤한 맛,장미꽃 향 가득한 새콤달콤 로제 와인
샤토미소 아이스와인,2,5,0,4,0,4,0,0,120000,12,유통기한 없음,상온 보관 가능,"치즈 케이크, 핑거푸드, 가래떡 구이",https://d38cxpfv0ljg7q.cloudfront.net/admin_contents/detail/hbeQ-1638867956762-%EC%83%A4%ED%86%A0%EB%AF%B8%EC%86%8C%20%ED%80%B8%20%EC%95%84%EC%9D%B4%EC%8A%A4%20%EC%99%80%EC%9D%B8.jpg,#샤인머스캣과 청수로 만들어요 #꿀처럼 농밀한 단맛,"극강의 단맛, 마치 꿀 같은 와인이에요."
샤토미소 웨딩 자두와인,2,3,0,3,0,4,0,2,22000,12,유통기한 없음,상온 보관 가능,"연어 스테이크, 월남쌈, 오징어 튀김",https://d38cxpfv0ljg7q.cloudfront.net/admin_contents/detail/KNBS-1640251277612-%EC%83%A4%ED%86%A0%EB%AF%B8%EC%86%8C%20%EC%9B%A8%EB%94%A9.jpg,#자두로 만든 새콤한 와인 #자두나무의 꽃말은 순백,자두로 만든 와인의 싱그러운 산미를 만나보세요
DOK막걸리,0,4,0,3,1,2,0,0,3300,6,제조일로부터 30일,냉장 보관,"닭발, 아귀찜, 주꾸미 볶음",https://d38cxpfv0ljg7q.cloudfront.net/admin_contents/detail/csEs-1670995060408-0.jpg,#탄산없는 부드러운 막걸리 #달콤하게 술술 넘어가요,벌컥벌컥 마시기 좋은 부드러운 생 탁주
얼떨결에 퍼플,0,3,0,2,1,4,1,0,9300,6,제조일로부터 40일,냉장 보관,"까르보나라, 맥앤치즈, 피자",https://d38cxpfv0ljg7q.cloudfront.net/admin_contents/detail/utRL-1643388270514-1jpg.jpg,#라일락 빛깔 #새콤달콤 포도 스파클링,얼떨결에 마셔봤는데... 너무 맛있잖아?
부안참뽕와인,2,4,0,3,0,2,0,2,18000,13,유통기한 없음,직사광선을 피해 서늘한 곳에 보관,"블루베리 치즈 케이크, 장어구이, 떡볶이",https://d38cxpfv0ljg7q.cloudfront.net/admin_contents/detail/Qc6X-1656438704218-0.jpg,#오디로 만든 와인 #오디의 순우리말 참뽕,부안의 오디로 만든 스위트 와인
메밀로,3,0,4,4,0,0,0,0,22000,25,유통기한 없음,상온 보관 가능,"막국수, 물회, 미나리 삼겹살",https://d38cxpfv0ljg7q.cloudfront.net/admin_contents/detail/qWT8-1658990465819-1.jpg,#고소한 메밀차의 풍미 #메밀로 만든 메밀로,강원도 홍천에서 직접 농사지은 메밀로 만든 증류주
희양산 막걸리 9도,0,1,0,2,2,3,0,0,7300,9,제조일로부터 30일,냉장 보관,"탕수육, 칠리 새우, 양념 치킨",https://d38cxpfv0ljg7q.cloudfront.net/admin_contents/detail/Wr04-1678775559753-doosool+%281%29.jpg,#부담스럽지 않은 산미를 찾는다면 #가볍고 산뜻해요,막걸리 라벨도 예술 작품처럼 감상해보세요!
겨울소주 25,3,0,3,3,0,0,0,0,10000,25,유통기한 없음,상온 보관 가능,"매운탕, 삼겹살, 오돌뼈",https://d38cxpfv0ljg7q.cloudfront.net/admin_contents/detail/pDC4-1672192898690-25-5.jpg,#부드러움 #곡물향,"겨울소주 1병, 희석식 소주 10병 안 부럽다"
설하담,0,2,0,4,1,4,1,0,11000,7,제조일로부터 30일,냉장 보관,"낙지 볶음, 제육 볶음, 찜닭",https://d38cxpfv0ljg7q.cloudfront.net/admin_contents/detail/z2xD-1677820053988-%EC%8A%A4%ED%81%AC%EB%A6%B0%EC%83%B7%202023-03-03%20%EC%98%A4%ED%9B%84%202.07.13.png,#눈처럼 포근해요 #요거트 같은 새콤달콤함,부산에서 만든 프리미엄 무첨가물 막걸리
진맥 소주,3,0,2,3,0,0,0,0,22000,22,유통기한 없음,상온 보관 가능,"떡갈비, 수육, 전어회",https://d38cxpfv0ljg7q.cloudfront.net/admin_contents/detail/Jbzv-1625726727776-%EC%A7%84%EB%A7%A522-4.png,#고소한 소주 #빵 같은 소주,우리나라 전통소주에요. 근데 이제 고소한 ‘밀’을 곁들인
매실향기 담은 술,1,3,0,3,3,4,0,0,25920,14,제조일로부터 90일,냉장 보관,"방어회, 감자전, 탕수육",https://d38cxpfv0ljg7q.cloudfront.net/admin_contents/detail/6txz-1619164915689-%EB%A7%A4%ED%96%A5%EC%88%A0%20%EC%95%BD%EC%A3%BC.jpg,#이게 정말 매실주예요 #시원한 청량감,다들 매실주의 신세계라고 부르더군요?
박재서 명인 안동소주 22%,3,0,3,2,0,0,0,0,5000,22,유통기한 없음,상온 보관 가능,"고등어구이, 소고기 등심구이, 찜닭",https://d38cxpfv0ljg7q.cloudfront.net/admin_contents/detail/nfB4-1683875394449-%EC%8D%B8%EB%84%A4%EC%9D%BC.jpg,#구수한 누룽지 향 #안동 음식과 즐겨보세요,박재서 명인님의 손에 의해 재탄생된 안동소주
박재서 명인 안동소주,3,0,4,3,0,0,0,0,7500,35,유통기한 없음,상온 보관 가능,"배추전, 갈비탕, 크림소스 연어 스테이크",https://d38cxpfv0ljg7q.cloudfront.net/admin_contents/detail/EaDe-1683875449666-%EC%8D%B8%EB%84%A4%EC%9D%BC.jpg,#오래도록 유지되는 화사한 향 #식품명인의 술,박재서 명인님의 손에 의해 재탄생된 안동소주
모월 인,3,0,4,4,0,0,0,0,50000,41,유통기한 없음,상온 보관 가능,"닭 안심 스테이크, 숯불 돼지구이, 알탕",https://d38cxpfv0ljg7q.cloudfront.net/admin_contents/detail/8yjS-1670816405557-1.jpg,#쌀로만 만든 술의 정석 #그윽한 감칠맛,우리술 품평회 대통령상을 차지한 바로 그 소주!
모월 로,3,0,3,3,0,0,0,0,30000,25,유통기한 없음,상온 보관 가능,"닭발, 삼겹살, 육회",https://d38cxpfv0ljg7q.cloudfront.net/admin_contents/detail/VVCK-1667538487441-thumb.jpg,#부드럽고 깔끔 #쌀의 달큰한 풍미,"사람을 품은 소주, 모월의 부드러움을 만나보세요"
맑은 문희주,1,5,0,5,1,2,0,0,46000,13,제조일로부터 180일,냉장 보관,"소고기 안심, 차돌박이 숙주 볶음, 갈비찜",https://d38cxpfv0ljg7q.cloudfront.net/admin_contents/detail/T20d-1656600970882-0.jpg,#수제약주 #달달한맛,H.O.T보다 핫한 술!
구름을 벗삼아,0,4,0,3,1,2,1,0,2000,6,제조일로부터 45일,냉장 보관,"닭볶음탕, 낙지 볶음, 감자전",https://d38cxpfv0ljg7q.cloudfront.net/admin_contents/detail/bmA6-1657597572597-00.jpg,#깔끔하고 가볍 #청량한,구름처럼 부드럽고 달콤한 막걸리
오미자 생막걸리,0,3,0,2,1,3,1,0,2300,6.5,제조일로부터 30일,냉장 보관,"수육, 모듬전, 두부부침",https://d38cxpfv0ljg7q.cloudfront.net/admin_contents/detail/TzbY-1656600825904-0.jpg,#오미자 새콤달콤 #과일막걸리 전국1호,핑크빛 인생을 위한 오미자 막걸리
오미로제 연,2,1,0,3,0,4,1,1,50000,8,유통기한 없음,직사광선을 피해 서늘한 곳에 보관,"새우 오일 파스타, 연어샐러드, 육전",https://d38cxpfv0ljg7q.cloudfront.net/admin_contents/detail/5YHz-1651137039043-1.jpg,#오미자 스파클링 와인 #샤르마 방식 사용,오미자로 만든 스파클링 와인
우리술 오늘 약주,1,5,0,3,1,3,0,0,25000,15,제조일로부터 30일,냉장 보관,"닭발, 아귀찜, 약과",https://d38cxpfv0ljg7q.cloudfront.net/admin_contents/detail/ZI0y-1663293788514-0.jpg,#고급진 단맛 #호산춘 레시피,조선 시대 문헌상의 비법으로 빚은 약주
문배술,3,0,4,4,0,0,0,0,12800,40,유통기한 없음,상온 보관 가능,"동파육, 홍어 무침, 중국식 냉채",https://d38cxpfv0ljg7q.cloudfront.net/admin_contents/detail/jVOO-1672193897845-40+%281%29.jpg,#한국의 고량주 #향기로운 꽃향,화려한 문배향이 나를 감싸네
오매락,3,2,2,2,0,0,0,0,16000,25,유통기한 없음,상온 보관 가능,"막국수, 냉채 족발, 갈비 구이",https://d38cxpfv0ljg7q.cloudfront.net/admin_contents/detail/6vkr-1658455656683-0.jpg,# 배와 매실의 은은한 만남 # 잔잔한 풍미를 갖고 있어요,배 증류 원액과 구운 매실이 들어간 리큐르예요
부자 막걸리,3,0,4,4,0,0,0,0,4900,44,유통기한 없음,상온 보관 가능,"육포, 목살구이, 참치타다끼",https://d38cxpfv0ljg7q.cloudfront.net/admin_contents/detail/BepQ-1658455598218-0.jpg,# 잔여물 없이 깔끔한 맛을 가진 막걸리 # 산미 뒤에 올라오는 구수한 누룩 풍미,배혜정도가에서 출시한 국내 최초 유리병 막걸리
매화깊은밤,1,4,0,2,3,3,0,0,12000,8,제조일로부터 2년,상온 보관 가능,"차돌박이 숙주 볶음, 시저 샐러드, 백순대 볶음",https://d38cxpfv0ljg7q.cloudfront.net/admin_contents/detail/Xze2-1647427708401-%EB%A7%A4%ED%99%94%20%EA%B9%8A%EC%9D%80%20%EB%B0%A4.jpg,#달콤한 첫인상 #산뜻한 마무리,매실의 달콤함에 빠져버린 아름다운 밤이에요~
보리수헤는밤,1,4,0,3,2,3,0,0,12000,8,제조일로부터 2년,상온 보관 가능,"돼지고기 김치찜, 로제 떡볶이, 고추장 찜닭",https://d38cxpfv0ljg7q.cloudfront.net/admin_contents/detail/jNsm-1647427891162-%EB%B3%B4%EB%A6%AC%EC%88%98%20%ED%97%A4%EB%8A%94%20%EB%B0%A4.jpg,#달콤함 사이로 느껴지는 새콤함 #그리고 보리차의 구수함,매실과 보리수의 만남
라이스퐁당,1,3,0,3,4,3,0,0,17000,13,제조일로부터 180일,냉장 보관,"백합조개탕, 초계국수, 물회",https://d38cxpfv0ljg7q.cloudfront.net/admin_contents/detail/Iztj-1652435271299-1.jpg,#부산 찹쌀과 약재가 퐁당 #톡 쏘는 산미를 좋아하신다면,삼지구엽초와 감초가 들어간 술이에요
병영소주,3,0,3,3,0,0,0,0,22000,40,유통기한 없음,상온 보관 가능,"삼겹살, 명란젓, 장어구이",https://d38cxpfv0ljg7q.cloudfront.net/admin_contents/detail/w1fG-1659321176011-0.jpg,#달짝지근한 보리 소주 #2022 우리술품평회 수상작,빨리 맛보게 될수록 후회가 줄어 들 거예요 :)
복순도가 손막걸리,0,4,0,2,2,4,5,0,12000,6.5,제조일로부터 60일,냉장 보관,"수육, 짜장면, 해물 파전",https://d38cxpfv0ljg7q.cloudfront.net/admin_contents/detail/WqAl-1655692304884-thumb.jpg,#샴페인 막걸리 #개봉주의,"막페인의 원조, 스파클링 막걸리"
시나브로 청수 화이트,2,3,0,3,0,3,0,0,60000,11,유통기한 없음,상온 보관 가능,"새우튀김, 굴, 크림소스 연어 스테이크",https://d38cxpfv0ljg7q.cloudfront.net/admin_contents/detail/q2Bp-1662106155581-SINABRO.jpg,#편안하게 새콤달콤 #오프너 필요 없이 간편하게,죽어가는 입맛도 살려버리는 상큼한 와인!
피에스 로제 스파클링 와인,2,5,0,2,0,3,1,2,38000,5,유통기한 없음,상온 보관 가능,"프로슈토, 올리브, 크림치즈",https://d38cxpfv0ljg7q.cloudfront.net/admin_contents/detail/NXUm-1662098049031-1.jpg,#포도 풍미 그대로 #달콤하고 몽글몽글하게,입안에서 몽글몽글 피어오르는 푹신한 거품
왕율주,3,0,4,3,0,0,0,0,12000,33,유통기한 없음,상온 보관 가능,"딱새우 회, 전어회, 갈비 구이",https://d38cxpfv0ljg7q.cloudfront.net/admin_contents/detail/pfcY-1654681157885-thumb.jpg,"#바밤바의 영혼이 담겨있어요 #너와 함께한 ""밤""","마시다 보면 ""밤""새 더라구요"
라라,2,1,0,3,0,4,0,0,25000,12,유통기한 없음,상온 보관 가능,"오징어 초무침, 뿌팟퐁커리, 생선까스",https://d38cxpfv0ljg7q.cloudfront.net/admin_contents/detail/Wstx-1653639444866-1.jpg,#단맛은 낮고 산미는 팡팡 #레몬처럼 짜릿한 새콤함,흥겹고 즐겁게 라라 한잔해보세요~
비원,2,1,0,3,0,4,0,2,18000,13,유통기한 없음,상온 보관 가능,"크림 새우, 맥앤치즈, 치즈 케이크",https://d38cxpfv0ljg7q.cloudfront.net/admin_contents/detail/A9KR-1668152986297-%EC%8A%A4%ED%81%AC%EB%A6%B0%EC%83%B7%202022-11-11%20%EC%98%A4%ED%9B%84%204.49.37.png,#싱싱한 포도 내음 가득 #짜릿한 산미 뒤 쌉쌀한 풍미,캠벨 포도와 직접 재배한 산머루를 블렌딩한 레드 와인
삼양춘 청주,1,3,0,3,3,3,0,0,17500,15,제조일로부터 90일,냉장 보관,"과일치즈, 조개찜, 연어초밥",https://d38cxpfv0ljg7q.cloudfront.net/admin_contents/detail/gXOc-1662364336049-0.jpg,#3번 빚은 술 #아~깔끔해,사케 좋아하시나요? 이제는 이 술로 대신하세요.
벗이랑 강황,0,3,0,4,3,3,0,0,12000,12,제조일로부터 90일,냉장 보관,"바지락 칼국수, 조개찜, 봉골레 파스타",https://d38cxpfv0ljg7q.cloudfront.net/admin_contents/detail/oPB5-1676620390941-%E1%84%87%E1%85%A5%E1%86%BA%E1%84%8B%E1%85%B5%E1%84%85%E1%85%A1%E1%86%BC+%E1%84%80%E1%85%A1%E1%86%BC%E1%84%92%E1%85%AA%E1%86%BC.jpg,#카레맛 안 나요 #쌉쌀한 마무리,강황이 들어간 가볍고 부드러운 막걸리
벗이랑 버찌 홍국,0,3,0,4,3,2,0,0,12000,12,제조일로부터 90일,냉장 보관,"육전, 고추장 삼겹살, 양념 장어구이",https://d38cxpfv0ljg7q.cloudfront.net/admin_contents/detail/wU9T-1676015039130-redtakju+%283%29.jpg,#달콤함과 씁쓸함의 만남 #홍국쌀 버찌 크로스,벚꽃이 진다고 버찌를 잊은 적 없다
솔송주,3,1,4,4,0,0,0,0,9000,40,유통기한 없음,상온 보관 가능,"두부전골, 돼지갈비 찜, 대구지리탕",https://d38cxpfv0ljg7q.cloudfront.net/admin_contents/detail/Tt0h-1653875726525-SOL_THUMB.jpg,#청와대 설 선물 #상쾌한 솔향이 입안가득,소나무의 송순과 지리산 맑은 물로 빚은 약주
녹파주,1,2,0,2,3,2,0,0,10000,15,제조일로부터 1년,직사광선을 피해 서늘한 곳에 보관,"연잎밥, 쑥전, 문어 숙회",https://d38cxpfv0ljg7q.cloudfront.net/admin_contents/detail/OOk8-1618994341750-%EB%85%B9%ED%8C%8C%EC%A3%BC.jpg,#초깔끔한맛 #달지 않은 술,오늘만큼은 나도 고려시대 양반!?
담솔,3,1,4,4,0,0,0,0,22000,40,유통기한 없음,상온 보관 가능,"두부전골, 돼지갈비 찜, 대구지리탕",https://d38cxpfv0ljg7q.cloudfront.net/admin_contents/detail/SWRH-1653554903762-DAM_THUMB.jpg,#코로 시원하게 들어오는 솔향 #마시는 피톤치드,한번 쯤은 송충이가 되어보는 것도 나쁘지 않을 것 같아
송로주,3,0,5,4,0,0,0,0,24000,40,유통기한 없음,상온 보관 가능,"고등어구이, 참치회, 과메기",https://d38cxpfv0ljg7q.cloudfront.net/admin_contents/detail/riDR-1676538434698-thumb.jpg,#소나무 숲에 있는 것 같은 #넘치는 상쾌함과 개운함,충청북도 무형문화재 3호로 등록된 소나무 향 가득 머금은 증류주
산머루 크라테 드라이,2,2,0,3,0,4,0,3,69000,11.5,유통기한 없음,상온 보관 가능,"소고기 안심, 닭 안심 스테이크, 구운 버섯",https://d38cxpfv0ljg7q.cloudfront.net/admin_contents/detail/e5V5-1659682544646-dry_thumb.jpg,#유기농 산머루 #미디엄 드라이 레드와인,은은한 단맛을 지닌 미디엄 드라이 와인
크라테 자두와인,2,3,0,3,0,4,0,3,22500,8.5,유통기한 없음,냉장 보관,"과일치즈, 삼겹살, 소고기 등심구이",https://d38cxpfv0ljg7q.cloudfront.net/admin_contents/detail/7mGp-1645437993412-%ED%81%AC%EB%9D%BC%ED%85%8C%20%EC%9E%90%EB%91%90%20%EC%99%80%EC%9D%B8-3%20%281%29.jpg,#자두 사탕 머금은 듯 #입안 가득 싱그러움,자두 본연의 맛과 향을 그대로 즐길 수 있는 와인
크라테 미디엄드라이,2,2,0,3,0,3,0,3,22000,11.5,유통기한 없음,냉장 보관,"크림 파스타, 베이컨, 조개구이",https://d38cxpfv0ljg7q.cloudfront.net/admin_contents/detail/kyqr-1658110037332-0.jpg,#새콤씁쓸 #미디엄드라이 로제와인,새콤 씁쓸한 맛의 로제 와인
크라테 화이트스위트,2,4,0,3,0,3,0,0,22000,11.5,유통기한 없음,상온 보관 가능,"치즈, 고르곤졸라 피자, 카프레제",https://d38cxpfv0ljg7q.cloudfront.net/admin_contents/detail/7TKJ-1657598002156-00.jpg,#포도 블렌딩 #스위트한 화이트와인,달콤 씁쓸한 포도 와인
그리움,1,1,0,3,4,3,0,0,20000,14,제조일로부터 2년,상온 보관 가능,"산적 꼬치, 소고기 국밥, 조기구이",https://d38cxpfv0ljg7q.cloudfront.net/admin_contents/detail/hs2k-1623070648101-%EA%B7%B8%EB%A6%AC%EC%9B%80-4.jpg,#드라이한 술이 그립다면 #차례주로 쓰기 좋아요,감사하고 그리운 마음을 담아서
꿀샘 16,3,4,2,3,0,0,0,0,12000,16,유통기한 없음,상온 보관 가능,"고르곤졸라 피자, 브루스케타, 떡꼬치",https://d38cxpfv0ljg7q.cloudfront.net/admin_contents/detail/Yzps-1653552795046-SAM_THUMB1.jpg,#꿀로 만든 술 #달콤한 술,꿀처럼 몸이 편안하게 스르륵...
술샘19,3,2,3,3,0,0,0,0,12000,19,유통기한 없음,상온 보관 가능,"고등어 회, 크림소스 연어 스테이크, 장어구이",https://d38cxpfv0ljg7q.cloudfront.net/admin_contents/detail/7tBC-1621257913254-%EC%88%A0%EC%83%98%2019.jpg,#꿀처럼 달콤한 #간단하게 마시기 좋은,강황의 알싸하고 청량한 느낌 그대로!
술샘16,3,3,2,3,0,0,0,0,12000,16,유통기한 없음,상온 보관 가능,"막국수, 과일치즈, 연어샐러드",https://d38cxpfv0ljg7q.cloudfront.net/admin_contents/detail/4vBj-1651137203578-1.jpg,#달콤씁쓸 #오미자 소주,입 안에서 퍼지는 오미자의 맛이 가득한 술
미르,3,0,3,3,0,0,0,0,18000,25,유통기한 없음,상온 보관 가능,"조개탕, 삼겹살, 돼지껍데기",https://d38cxpfv0ljg7q.cloudfront.net/admin_contents/detail/azh7-1626522263081-%EB%AF%B8%EB%A5%B425-5.jpg,#용과 함께 #쌀소주의 은은한 단맛,희석식 소주와의 차이를 느껴보세요
감사,1,4,0,2,3,3,0,0,17000,14,제조일로부터 90일,냉장 보관,"두부구이, 버섯 전골, 육회",https://d38cxpfv0ljg7q.cloudfront.net/admin_contents/detail/HnDN-1623070602561-%EA%B0%90%EC%82%AC-5.jpg,#밸런스 좋은 술 #부드럽고 달콤해요,소중한 분들게 감사한 마음을 담아
붉은 원숭이,0,3,0,4,2,2,0,0,9000,10.8,제조일로부터 1년,상온 보관 가능,"견과류, 치즈 케이크, 크래커",https://d38cxpfv0ljg7q.cloudfront.net/admin_contents/detail/G43H-1672194788288-153+%281%29.jpg,#색소도 안 넣었는데 붉은색이? #부드럽고 달콤해요,"빨간맛, 궁금해 Monkey"
술취한 원숭이,0,3,0,4,2,2,0,0,9000,10.8,제조일로부터 30일,냉장 보관,"떡갈비, 불고기, 양념 치킨",https://d38cxpfv0ljg7q.cloudfront.net/admin_contents/detail/Gt8e-1623070755884-%EC%88%A0%EC%B7%A8%ED%95%9C%EC%9B%90%EC%88%AD%EC%9D%B4-5.jpg,"#홈파티를 빛낼 술 #우도주막, 로제막걸리!","빨간맛, 궁금해 Monkey"
서설,1,2,0,1,2,1,0,0,15000,13,유통기한 없음,상온 보관 가능,"광어회, 어묵전골, 나가사키 짬뽕",https://d38cxpfv0ljg7q.cloudfront.net/admin_contents/detail/Ory7-1643382476623-1.jpg,#깔끔하고 맑은 맛 #눈으로 술을 만들면 이런 맛일까?,상서로운 눈이라는 뜻을 가졌어요
복단지,1,3,0,3,1,4,0,0,20000,14,제조일로부터 90일,냉장 보관,"제육 볶음, 돼지갈비 찜, 장어구이",https://d38cxpfv0ljg7q.cloudfront.net/admin_contents/detail/FBZt-1642729015810-2.jpg,#많이~달진 않아요 #쌀 넣어 빚은 약주,복(福)분자가 단지 한 가득!
경성과하주,1,5,0,4,3,3,0,0,30000,20,제조일로부터 180일,냉장 보관,"새우튀김, 갈비찜, 곶감치즈말이",https://d38cxpfv0ljg7q.cloudfront.net/admin_contents/detail/UmUF-1659320505466-0.jpg,#포트와인 좋아하시나요? #달달하다~,발효도 안 끝난 술에 소주를 태워?
술아 순곡주,1,4,0,3,1,2,0,0,21000,20,제조일로부터 180일,냉장 보관,"돼지갈비 찜, 참치회, 어묵전골",https://d38cxpfv0ljg7q.cloudfront.net/admin_contents/detail/3zHB-1659320574703-0.jpg,#포트와인 좋아하시나요? #겨울에 어울리는 술,순곡으로 빚은 긴 여운의 과하주
술아 국화주,1,4,0,4,2,2,0,0,21000,15,제조일로부터 180일,냉장 보관,"약과, 산적 꼬치, 돼지고기 김치찜",https://d38cxpfv0ljg7q.cloudfront.net/admin_contents/detail/3zHB-1659320574703-0.jpg,# 포트와인 좋아하시나요? # 가을에 어울리는 술,국화로 빚은 긴 여운의 과하주
술아 연화주,1,4,0,3,1,2,0,0,20000,15,제조일로부터 180일,냉장 보관,"약과, 산적 꼬치, 돼지고기 김치찜",https://d38cxpfv0ljg7q.cloudfront.net/admin_contents/detail/1k1g-1659320636748-0.jpg,#포트와인 좋아하시나요? #여름에 어울리는 술,연꽃으로 빚은 긴 여운의 과하주
술아 매화주,1,4,0,4,2,4,0,0,20000,15,제조일로부터 180일,냉장 보관,"약과, 산적 꼬치, 돼지고기 김치찜",https://d38cxpfv0ljg7q.cloudfront.net/admin_contents/detail/D1LH-1659320729162-0.jpg,#포트와인 좋아하시나요? #봄에 어울리는 술,"매화로 빚은, 긴 여운의 과하주"
미상25,3,0,3,3,0,0,0,,13000,25,유통기한 없음,상온 보관 가능,"삼겹살, 문어 숙회, 해삼",https://d38cxpfv0ljg7q.cloudfront.net/admin_contents/detail/gfF8-1674723887713-misang+%281%29.jpg,#감귤 소주 #부드러움 속 상큼함,맑고 깨끗한 감귤 증류식 소주
말이야 막걸리야,0,2,0,2,1,1,1,0,50000,6,제조일로부터 45일,냉장 보관,"소시지, 어묵전골, 라면",https://d38cxpfv0ljg7q.cloudfront.net/admin_contents/detail/2ART-1679645162604-1.jpg,#막걸리도 생맥주처럼! #캠핑 인싸템,토란 막걸리 들어봤나! 케그 막걸리 들어봤나! 그게 말이야막걸리야~
백련 맑은술,1,2,0,3,3,4,0,0,22000,12,제조일로부터 90일,냉장 보관,"떡갈비, 된장찌개, 누룽지탕",https://d38cxpfv0ljg7q.cloudfront.net/admin_contents/detail/fD7o-1649407393332-1.jpg,#연잎차처럼 향긋한 술 #쌉쌀한 끝 맛,사찰 앞 연못에서 자란 연잎으로 빚은 술
백련 미스티 살균 막걸리,0,3,0,3,1,2,0,,4500,7,제조일로부터 1년,상온 보관 가능,"순대 볶음, 감자전, 갈비찜",https://d38cxpfv0ljg7q.cloudfront.net/admin_contents/detail/AKFJ-1631681155244-%EB%B0%B1%EB%A0%A8+%EB%AF%B8%EC%8A%A4%ED%8B%B0.jpg,#참외의 싱그러운 풍미 #하얀 연꽃이 들어갔어요,연꽃이 들어간 살균 막걸리
허니문,2,3,0,2,0,2,0,1,35000,10,유통기한 없음,상온 보관 가능,"딸기, 약과, 마카롱",https://d38cxpfv0ljg7q.cloudfront.net/admin_contents/detail/rSJ3-1656438910781-0.jpg,#산뜻한 단맛 #싱그러운 향,꿀을 발효해 만든 미드에 진피의 산뜻함도 함께 들어갔어요
허니비,2,4,0,2,0,2,0,1,29000,8,유통기한 없음,상온 보관 가능,"녹두전, 잡채, 떡국",https://d38cxpfv0ljg7q.cloudfront.net/admin_contents/detail/GQg0-1656438859616-0.jpg,#아카시아꽃 꿀 #은은한 꽃 향,저절로 꿀벌이 꼬일 것 같은 진한 달콤함을 가진 미드
장수 오미자주,2,4,0,2,0,4,0,2,5900,16.5,유통기한 없음,상온 보관 가능,"돼지갈비 찜, 간장 불고기, 치킨 샐러드",https://d38cxpfv0ljg7q.cloudfront.net/admin_contents/detail/24PV-1644573217144-1jpg.jpg,#매혹적인 붉은 빛 #오미자의 다채로운 풍미,오미자 와인에 주정을 첨가한 새콤달콤 오미자주
별산막걸리,0,4,0,4,1,4,0,0,11000,6.5,제조일로부터 30일,냉장 보관,"오징어 초무침, 주꾸미 볶음, 양념 치킨",https://d38cxpfv0ljg7q.cloudfront.net/admin_contents/detail/Mxhx-1676536961100-thumb.jpg,#새콤달콤 #요구르트 같은 맛,너 정말 특별한 산미를 가졌구나?
별산오디 스파클링 막걸리,0,3,0,2,2,2,1,0,13000,6,제조일로부터 30일,냉장 보관,"블루베리 파이, 롤 케이크, 초콜릿 머핀",https://d38cxpfv0ljg7q.cloudfront.net/admin_contents/detail/QNt8-1676548528391-thumb.jpg,#오디 알이 입 안에서 톡톡 터지듯 #청량감 넘치는 스파클링 막걸리,양주에서 생산한 오디로 만든 스파클링 막걸리예요
양지백주,0,3,0,4,2,4,0,0,20000,15,제조일로부터 60일,냉장 보관,"닭볶음탕, 고추장 찌개, 콩나물 무침",https://d38cxpfv0ljg7q.cloudfront.net/admin_contents/detail/2BrE-1639125133588-%EC%96%91%EC%A7%80%EB%B0%B1%EC%A3%BC.jpg,#고소한 잣 향 #부드러운 산미,전통누룩을 사용하여 3번 빚은 탁주
모든날에,1,2,0,2,4,4,0,0,28000,15,제조일로부터 90일,냉장 보관,"간장 게장, 고등어구이, 찜닭",https://d38cxpfv0ljg7q.cloudfront.net/admin_contents/detail/Uvut-1639124391341-%EB%AA%A8%EB%93%A0%EB%82%A0%EC%97%90.jpg,#새콤쌉쌀 #모든날에 잘 어울려요,전통누룩을 사용하여 3번 빚은 약주
아치23,3,0,3,3,0,0,0,0,12000,23,유통기한 없음,상온 보관 가능,"감자탕, 스테이크, 양꼬치",https://d38cxpfv0ljg7q.cloudfront.net/admin_contents/detail/IBvH-1669082685835-thumb.jpg,#짙은 감의 풍미 #고소한 여운과 깔끔한 마무리,가을 낙엽 닮은 달콤한 향을 지닌 감 증류주
우렁이쌀 청주,1,2,0,3,2,1,0,0,16000,14,유통기한 없음,직사광선을 피해 서늘한 곳에 보관,"수육, 매운탕, 순대",https://d38cxpfv0ljg7q.cloudfront.net/admin_contents/detail/wHXM-1654568854786-thumb.jpg,#부드러운 단맛 #100년 역사의 양조장,우렁이농법 쌀로 빚은 달콤한 술
마크홀리 오리지널 6.0,0,4,0,3,1,2,0,0,7900,6,제조일로부터 60일,냉장 보관,"주꾸미 볶음, 멜론 프로슈토, 떡볶이",https://d38cxpfv0ljg7q.cloudfront.net/admin_contents/detail/M6gR-1659058252071-1.jpg,#시원한 참외 향에 청량감은 up #마크홀리 너… 가상 인물이었어?,어메이징 브루어리에서 처음으로 출시한 막걸리
초선의 꿈 로제와인,2,3,0,2,0,4,0,2,20000,12,유통기한 없음,상온 보관 가능,"리코타치즈, 가리비 치즈 구이, 요거트",https://d38cxpfv0ljg7q.cloudfront.net/admin_contents/detail/nunu-1635905019728-%EC%B4%88%EC%84%A0%EC%9D%98%20%EA%BF%88%20%EB%A1%9C%EC%A0%9C%20%EC%8A%A4%EC%9C%84%ED%8A%B8_%EC%9E%AC%EC%B4%AC%EC%98%81.jpg,#델라웨어 포도 #달콤한 로제와인,여포의 그녀 초선처럼 달콤한 사랑이 깃든 와인이에요
여포의 꿈 (화이트),2,3,0,3,0,4,0,0,25000,12,유통기한 없음,상온 보관 가능,"떡갈비, 연어 스테이크, 치킨너겟",https://d38cxpfv0ljg7q.cloudfront.net/admin_contents/detail/2iNg-1635732953983-ypg0.jpg,#새콤 달콤 깔끔 #알렉산드리아 청포도,알렉산드리아 품종으로 만든 청포도 와인
세인트하우스 가시오가피 와인,2,4,0,3,0,3,0,2,23000,12,유통기한 없음,냉장 보관,"과일치즈, 제육 볶음, 육회",https://d38cxpfv0ljg7q.cloudfront.net/admin_contents/detail/zKGl-1659320991112-0.jpg,#가시오가피로 와인을? #한국와인의 매력,안 달아 보이지만 달달한 반전 매력
추사40,3,0,4,4,0,0,0,0,30000,40,유통기한 없음,상온 보관 가능,"육포, 견과류, 크래커",https://d38cxpfv0ljg7q.cloudfront.net/admin_contents/detail/Pmvo-1654844288132-THUMB.jpg,#사과 브랜디 #2019년 대상 받은 증류주,사과 와인을 증류하여 오크통에 숙성한 브랜디
추사 블루 스위트,2,3,0,3,0,2,0,1,22000,11,유통기한 없음,상온 보관 가능,"피칸 파이, 까르보나라, 블루베리 파이",https://d38cxpfv0ljg7q.cloudfront.net/admin_contents/detail/9FhJ-1655865887419-thumb.jpg,#블루베리로 만든 와인 #주스같이 달콤,주스같이 부드러운 블루베리 스위트 와인
추사 애플와인,2,4,0,3,0,3,0,1,22000,12,유통기한 없음,상온 보관 가능,"육회, 불고기, 찜닭",https://d38cxpfv0ljg7q.cloudfront.net/admin_contents/detail/MDA5-1655865960640-thumb.jpg,#사과로 만든 와인 #아이스와인 방식,달콤함과 싱그러운 새콤함의 와인
추사백25,3,0,3,3,0,0,0,0,13000,25,유통기한 없음,상온 보관 가능,"샤브샤브, 보쌈, 양꼬치",https://d38cxpfv0ljg7q.cloudfront.net/admin_contents/detail/Lgxu-1629700407692-%EC%B6%94%EC%82%AC%EB%B0%B1-1.jpg,#깔끔하게 느껴지는 사과풍미 #부드럽게 넘어가는 사과 증류주,맑고 부드러운 사과 증류주
만강에 비친 달,0,4,0,3,2,3,0,0,16000,10,제조일로부터 60일,냉장 보관,"오리 고기, 불고기, 찹스테이크",https://d38cxpfv0ljg7q.cloudfront.net/admin_contents/detail/rJIp-1666856301903-thumb.jpg,#단호박으로 만든 막걸리 #새콤 달콤 구수,단호박이 들어간 새콤한 막걸리
무작,3,0,5,5,0,0,0,0,100000,53,유통기한 없음,상온 보관 가능,"곱창전골, 참치회, 대구지리탕",https://d38cxpfv0ljg7q.cloudfront.net/admin_contents/detail/zbwb-1672193512011-P126647.jpg,#입안을 불사르는 강렬한 맛 #쌀로만 빚었어요,"쌀, 물, 전통누룩으로만 빚은 순수한 소주"
동짓달 기나긴 밤,1,3,0,4,4,3,0,0,40000,16,제조일로부터 60일,냉장 보관,"닭갈비, 장어구이, 등심 스테이크",https://d38cxpfv0ljg7q.cloudfront.net/admin_contents/detail/uFD8-1666856443246-thumb.jpg,#복분자 약주 #달지 않고 씁쓸해요,복분자를 넣어 만든 전통 과일 약주
동몽,1,3,0,4,3,4,0,0,34000,17,제조일로부터 60일,냉장 보관,"연어 스테이크, 오리 구이, 두부부침",https://d38cxpfv0ljg7q.cloudfront.net/admin_contents/detail/C1O8-1666856217389-thumb.jpg,#단호박으로 만든 귀한 술 #짜릿한게 최고야!,단호박을 넣어 만든 무감미료 생 약주
배꽃 필 무렵,0,3,0,5,2,4,0,0,16700,9,제조일로부터 30일,냉장 보관,"마카롱, 스테이크, 초콜릿",https://d38cxpfv0ljg7q.cloudfront.net/admin_contents/detail/KFT7-1622625975208-%EB%B0%B0%EA%BD%83%ED%95%84%EB%AC%B4%EB%A0%B5-%EC%9E%A3%EC%9E%8E.jpg,#떠먹는 막걸리 #새콤달달,떠 먹는 잣 막걸리
문경바람 오크 40,3,0,4,4,0,0,0,0,30000,40,유통기한 없음,상온 보관 가능,"육포, 견과류, 초콜릿",https://d38cxpfv0ljg7q.cloudfront.net/admin_contents/detail/yJy2-1641378321723-mgbr%20o40%200.jpg,#사과 브랜디 #인기 혼술 제품,사과로 만들어 300일 이상 숙성한 사과 브랜디
오미로제 연,2,1,0,3,0,4,1,1,50000,8,유통기한 없음,직사광선을 피해 서늘한 곳에 보관,"새우 오일 파스타, 연어샐러드, 육전",https://d38cxpfv0ljg7q.cloudfront.net/admin_contents/detail/5YHz-1651137039043-1.jpg,#오미자 스파클링 와인 #샤르마 방식 사용,오미자로 만든 스파클링 와인
오미로제 프리미어,2,2,0,2,0,4,0,4,39000,12,유통기한 없음,직사광선을 피해 서늘한 곳에 보관,"버섯구이, 소고기 등심구이, 더덕구이",https://d38cxpfv0ljg7q.cloudfront.net/admin_contents/detail/vR6x-1648539287564-%EC%98%A4%EB%AF%B8%EB%A1%9C%EC%A0%9C%20%ED%94%84%EB%A6%AC%EB%AF%B8%EC%96%B4%20%EC%99%80%EC%9D%B8.jpg,#세계 최초 오미자 와인 #양조외길 이종기박사 와인,3년의 시간 끝에 탄생한 와인
독산 53,3,0,4,4,0,0,0,0,35000,53,유통기한 없음,상온 보관 가능,"육포, 연포탕, 흰살생선회",https://d38cxpfv0ljg7q.cloudfront.net/admin_contents/detail/lN4D-1625031208274-%EB%8F%85%EC%82%B053-5.jpg,#고소한 누룩 향 #강렬한,고독의 맛을 아는 자여 들어오라
하얀 까마귀,0,4,0,4,2,3,0,0,10000,8,제조일로부터 30일,냉장 보관,"찜닭, 돈까스, 콘치즈",https://d38cxpfv0ljg7q.cloudfront.net/admin_contents/detail/DPRL-1667135086777-white.jpg,#포근한 단맛 #행운을 상징하는 하얀 까마귀,막걸리를 많이 마셔 몸이 하얘졌답니다
독산 30,3,0,3,3,0,0,0,0,30000,30,유통기한 없음,상온 보관 가능,"육포, 연포탕, 흰살생선회",https://d38cxpfv0ljg7q.cloudfront.net/admin_contents/detail/Hlhz-1625031092375-%EB%8F%85%EC%82%B030-4.jpg,#오산의 독산성 #쌀소주의 진득한 풍미,오산 세마쌀로 만든 증류식 쌀 소주
마주,1,3,0,3,3,4,0,0,21000,16,제조일로부터 90일,냉장 보관,"버섯 전골, 쑥전, 미나리 삼겹살",https://d38cxpfv0ljg7q.cloudfront.net/admin_contents/detail/5JmB-1650013818045-1.jpg,#쌉쌀한 맛 #맑은 목넘김,마주 앉아서 모싯잎의 향긋함을 느껴보세요
청주신선주 약주 16%,1,2,0,3,4,4,0,0,30000,16,제조일로부터 1년,냉장 보관,"도토리묵 무침, 오징어 초무침, 냉채 족발",https://d38cxpfv0ljg7q.cloudfront.net/admin_contents/detail/ZzVY-1645783037319-%EC%8B%A0%EC%84%A0%EC%A3%BC%20%EC%95%BD%EC%A3%BC.jpg,#10가지 약재가 들어간 술 #새콤쌉싸름,신라시대 최치원 선생이 신선봉에 정자를 짓고 마신 술
우포,1,3,0,2,2,2,0,0,10000,12,제조일로부터 2년,상온 보관 가능,"양념 치킨, 간장 불고기, 고구마 맛탕",https://d38cxpfv0ljg7q.cloudfront.net/admin_contents/detail/prHG-1673254742321-THUMBV-06.png,#깔끔한 단맛 #다양한 안주랑 잘 어울리는,창녕의 특산물 양파가 들어간 달콤한 술이에요
운암1945,1,2,0,4,2,4,0,0,33000,12,제조일로부터 2년,상온 보관 가능,"소시지, 해물 파전, 생선회",https://d38cxpfv0ljg7q.cloudfront.net/admin_contents/detail/jNCo-1673254724778-THUMBV-05.png,#화이트 와인을 닮은 약주 #달지 않고 새콤해요,달지 않고 새콤한 약주는 정말로 희귀해요!
주향소주 25,3,0,3,3,0,0,0,0,17000,25,유통기한 없음,상온 보관 가능,"육전, 초밥, 순대",https://d38cxpfv0ljg7q.cloudfront.net/admin_contents/detail/y5LB-1661321653036-1.jpg,#구수한 향을 갖춘 #원소주를 숙성한 곳,직접 빚은 항아리에 숙성을 거친 전통 증류식 소주
주향소주 41,3,0,4,4,0,0,0,0,40000,41,유통기한 없음,상온 보관 가능,"소갈비 찜, 매운탕, 딱새우회",https://d38cxpfv0ljg7q.cloudfront.net/admin_contents/detail/27UV-1661497449699-0.jpg,#원소주의 그 항아리 #감칠맛 일품,국내 최초 숙성용 항아리에서 3년간 숙성한 쌀 소주
고도리 자두 와인,2,3,0,4,0,4,0,0,25000,11.5,유통기한 없음,직사광선을 피해 서늘한 곳에 보관,"크림 파스타, 탕수육, 불고기",https://d38cxpfv0ljg7q.cloudfront.net/admin_contents/detail/WL2w-1620617185155-%EA%B3%A0%EB%8F%84%EB%A6%AC+%EC%9E%90%EB%91%90.jpg,#자두로 만든 와인 #달콤한,달콤한 자두향과 산미 가득한 맛을 지닌 와인
세종대왕어주 탁주,0,3,0,3,3,2,0,0,18590,13,제조일로부터 60일,냉장 보관,"두부구이, 버섯 전골, 오뎅탕",https://d38cxpfv0ljg7q.cloudfront.net/admin_contents/detail/K8OH-1623071019146-%EC%84%B8%EC%A2%85%EB%8C%80%EC%99%95%EC%96%B4%EC%A3%BC%ED%83%81%EC%A3%BC-6.jpg,#고문헌 복원술 #초정약수,초정 약수로 만든 프리미엄 탁주
세종대왕어주 약주,1,2,0,4,2,1,0,0,33000,15,제조일로부터 90일,냉장 보관,"조개찜, 호박전, 흰살생선회",https://d38cxpfv0ljg7q.cloudfront.net/admin_contents/detail/tsxw-1623071059946-%EC%84%B8%EC%A2%85%EB%8C%80%EC%99%95%EC%96%B4%EC%A3%BC%EC%95%BD%EC%A3%BC-4.jpg,#대통령상 #구수한 여운,2019년 최고의 술로 불리는 약주
이강주 25%,3,2,3,3,0,0,0,0,13000,25,유통기한 없음,상온 보관 가능,"떡갈비, 육전, 데리야끼 치킨",https://d38cxpfv0ljg7q.cloudfront.net/admin_contents/detail/8gOC-1654847918174-1.jpg,#배와 생강이 들어간 #조선시대 명주,다양한 약재가 들어간 만큼 풍성한 맛과 향을 자랑해요
오디여라 25%,3,0,3,3,0,0,0,0,20000,25,유통기한 없음,상온 보관 가능,"크림소스 연어 스테이크, 양갈비 구이, 콘치즈",https://d38cxpfv0ljg7q.cloudfront.net/admin_contents/detail/ZaWs-1656035499740-1.jpg,#다크 초콜릿 같은 달콤쌉쌀함 #술담화 자체 제작 라벨,오크 향과 달콤한 오디 향을 즐길 수 있는 증류주
아리아리 40%,3,0,3,3,0,0,0,0,53000,40,유통기한 없음,상온 보관 가능,"과일 샐러드, 월남쌈, 냉채 족발",https://d38cxpfv0ljg7q.cloudfront.net/admin_contents/detail/Fx06-1657587862607-1%20%282%29.jpg,#오가피 열매로 만든 증류주 #입안 가득 퍼지는 화사함,강원도 정선에는 아리랑 말고 아리아리도 있답니다~
문경바람 백자 25,3,0,3,2,0,0,0,0,16500,25,유통기한 없음,상온 보관 가능,"과일 샐러드, 리코타치즈, 견과류",https://d38cxpfv0ljg7q.cloudfront.net/admin_contents/detail/ec5p-1641374336428-mgbr%20b25%200.jpg,#사과로 만든 증류주 #곡물 소주가 질린다면,사과로 만든 소주는 어떤 맛일까요?
문경바람 백자 40,3,0,3,3,0,0,0,0,25500,40,유통기한 없음,상온 보관 가능,"삼겹살, 곱창, 고등어 회",https://d38cxpfv0ljg7q.cloudfront.net/admin_contents/detail/QmBw-1641378222746-mgbr%20b40%200.jpg,#홈바 필수템 #인기 혼술 제품,사과로 만들어 300일 이상 숙성한 사과 증류주
동래아들,0,4,0,3,1,1,0,0,4000,6,제조일로부터 45일,냉장 보관,"닭볶음탕, 아귀찜, 떡볶이",https://d38cxpfv0ljg7q.cloudfront.net/admin_contents/detail/uJCh-1649405848643-1.jpg,#배의 달콤한 향 #부드러운 목 넘김,백학의 전설이 내려오는 부산 동래구의 막걸리
제주 오메기 맑은 술,1,3,0,3,2,4,0,0,30000,16,제조일로부터 180일,냉장 보관,"갈치구이, 딱새우 회, 오징어 숙회",https://d38cxpfv0ljg7q.cloudfront.net/admin_contents/detail/2YaY-1682488656729-%EC%8D%B8%EB%84%A4%EC%9D%BC.jpg,#레모네이드 같은 짜릿함 #오메기떡으로 만들었어요,직접 디딘 누룩과 좁쌀로 만든 떡을 발효시켜 만든 약주
"제주, 동백",2,4,0,2,0,2,0,0,12000,14,유통기한 없음,상온 보관 가능,"육포, 순대, 멜론 프로슈토",https://d38cxpfv0ljg7q.cloudfront.net/admin_contents/detail/v2uF-1672974858463-1.jpg,#화이트 와인 같은 산뜻함 #은은한 단맛 뒤 느껴지는 고소함,제주도의 동백꽃으로 만든 매력적인 분홍빛의 술
오메기술,1,3,0,3,2,2,0,0,12000,13,제조일로부터 2년,상온 보관 가능,"치즈, 흑돼지 삼겹살, 생선회",https://d38cxpfv0ljg7q.cloudfront.net/admin_contents/detail/Uyif-1648193038498-thumb_omg.png,#차조로 만든 제주 전통떡 #미친 감칠맛,오메기떡을 발효시켜 만든 약주
니모메,1,4,0,2,4,2,0,0,11000,11,제조일로부터 2년,상온 보관 가능,"동파육, 보쌈, 초밥",https://d38cxpfv0ljg7q.cloudfront.net/admin_contents/detail/OOKM-1640845223998-nmm0.jpg,#가볍게 한잔 하기 좋아요 #귤피가 들어간 술,'너의 마음에'란 말의 제주 방언이에요
고소리술,3,0,4,4,0,0,0,0,24000,29,유통기한 없음,상온 보관 가능,"수육, 문어 숙회, 두부김치",https://d38cxpfv0ljg7q.cloudfront.net/admin_contents/detail/GLTI-1640844828100-%EA%B3%A0%EC%86%8C%EB%A6%AC%EC%88%A0%2029%20%281%29.jpg,#오메기술을 증류하면? #전통증류기 고소리,고소리가 뭔지 아는 사람 쏘리 질러!
홍시와인,2,3,0,4,0,4,0,2,22000,10.5,유통기한 없음,상온 보관 가능,"까르보나라, 카프레제, 바스크 치즈 케이크",https://d38cxpfv0ljg7q.cloudfront.net/admin_contents/detail/rRlM-1653635091791-1.jpg,#침샘을 자극하는 새콤달콤함 #대봉감으로 만든 와인,1년 동안 저온에서 숙성한 홍시와인
세종 알밤주,0,4,0,3,1,2,0,0,3000,6,제조일로부터 1년,상온 보관 가능,"소 불고기, 군만두, 중국식 냉채",https://d38cxpfv0ljg7q.cloudfront.net/admin_contents/detail/zNh6-1658109835900-0.jpg,#밤빵의 향기 #고소함 끝판왕,알밤향이 풍부하게 올라오는 막걸리
우도 땅콩 전통주,0,3,0,3,1,3,0,0,4000,6,제조일로부터 1년,상온 보관 가능,"아귀찜, 성게보말국, 해물찜",https://d38cxpfv0ljg7q.cloudfront.net/admin_contents/detail/FL2D-1658109893504-0.jpg,#피넛버터향 #허니버터 땅콩,우도산 땅콩이 들어간 막걸리
조은술 세종 바나나,2,3,0,2,0,3,0,0,2800,7,유통기한 없음,냉장 보관,"월남쌈, 훈제오리 냉채, 분짜",https://d38cxpfv0ljg7q.cloudfront.net/admin_contents/detail/jiqP-1658109960295-0.jpg,#바나나 우유맛 #혼술하기 딱 좋아요,쌀로 만들었는데 바나나맛 나나?
아이엠더문,3,5,2,4,0,0,0,0,28000,17,유통기한 없음,상온 보관 가능,"카나페, 연어샐러드, 치즈 케이크",https://d38cxpfv0ljg7q.cloudfront.net/admin_contents/detail/3j8w-1628842691559-%E1%84%8B%E1%85%A1%E1%84%8B%E1%85%B5%E1%84%8B%E1%85%A6%E1%86%B7%E1%84%83%E1%85%A5%E1%84%86%E1%85%AE%E1%86%AB%20375ml%20%2B%20%E1%84%87%E1%85%A1%E1%86%A8%E1%84%89%E1%85%B3-1.jpg,#전통주 입문자용 #파티,파티를 책임져줄 우리나라 전통주
이도 22,3,0,3,3,0,0,0,0,13000,22,유통기한 없음,상온 보관 가능,"시래기장국, 올갱이국, 된장찌개",https://d38cxpfv0ljg7q.cloudfront.net/admin_contents/detail/fO9j-1623070877992-%EC%9D%B4%EB%8F%8422-4.jpg,#유기농 쌀로 내린 진짜소주 #부드럽고 깔끔해요,세종대왕 ‘이도’가 22세의 나이로 즉위함을 기린 소주
천비향 화주,3,0,3,2,0,0,0,0,64000,40,유통기한 없음,상온 보관 가능,"굴비, 곱창전골, 홍어 삼합",https://d38cxpfv0ljg7q.cloudfront.net/admin_contents/detail/XpFS-1662101466971-0.jpg,#고소한 증류주 #고도수,천비향 약주를 증류한 소주
담은,0,4,0,3,1,2,0,0,11000,6.5,제조일로부터 30일,냉장 보관,"닭볶음탕, 돼지고기 김치찜, 떡뽂이",https://d38cxpfv0ljg7q.cloudfront.net/admin_contents/detail/Sx6L-1676535758336-thumb.jpg,#입안을 가득 채우는 푸근함 #카페라떼처럼 부드러운,마음을 담은 한잔
두레앙22,3,0,1,2,0,0,0,0,6000,22,유통기한 없음,상온 보관 가능,"바지락 술찜, 순대, 불고기 샐러드",https://d38cxpfv0ljg7q.cloudfront.net/admin_contents/detail/q4eY-1634536616141-%EB%91%90%EB%A0%88%EC%95%99%2022.jpg,#거봉 한 알 #부드럽고 깔끔,친환경 거봉으로 만든 소주
두레앙35,3,0,4,4,0,0,0,0,30000,35,유통기한 없음,상온 보관 가능,"육포, 샤브샤브, 안심 스테이크",https://d38cxpfv0ljg7q.cloudfront.net/admin_contents/detail/ZgC7-1648430812332-%EB%91%90%EB%A0%88%EC%95%99_%EC%88%A0%EB%8B%B4%ED%99%94%EB%9D%BC%EB%B2%A8.jpg,#거봉으로 만든 소주 #달콤하고 진해요,친환경 거봉으로 만든 와인을 증류한 술
혼디주,2,3,0,3,0,4,0,0,8000,12,유통기한 없음,직사광선을 피해 서늘한 곳에 보관,"과일 샐러드, 밀푀유나베, 생선회",https://d38cxpfv0ljg7q.cloudfront.net/admin_contents/detail/AsB2-1687502925561-thumbnail.jpg,#제주 감귤주 #새콤달콤에 구수함을 더한,100% 서귀포 감귤을 사용해 만든 감귤주
한청,1,3,0,3,2,3,0,0,20000,15,유통기한 없음,상온 보관 가능,"비빔면, 유부초밥, 동치미막국수",https://d38cxpfv0ljg7q.cloudfront.net/admin_contents/detail/Q48h-1672195146726-1050+%285%29.jpg,#토종효모로 청주를 만든다면? #새콤달콤한 청주,일본 사케에 대항할 우리나라의 청주에요
고리진,3,0,4,4,0,0,0,0,75000,47,유통기한 없음,상온 보관 가능,"조개찜, 견과류, 크래커",https://d38cxpfv0ljg7q.cloudfront.net/admin_contents/detail/T3qR-1681089884102-gorijin.jpg,#토속적인 재료로 향을 더한 #상큼한 마무리의 한국 진,진에 10가지 약재를 넣어 한국적인 분위기를 몰씬 담아냈답니다~
애피소드 상그리아,2,3,0,3,0,3,1,2,3700,3.5,유통기한 없음,냉장 보관,"과일치즈, 크래커, 쉬폰 케이크",https://d38cxpfv0ljg7q.cloudfront.net/admin_contents/detail/QhF4-1625726313713-%EC%95%A0%ED%94%BC%EC%86%8C%EB%93%9C%EB%A0%88%EB%93%9C-4.png,#포도가 들어가요 #상그리아는 진한 붉은 빛,세뇨리따! 스페인의 파티 음료
애피소드 애플,2,3,0,2,0,3,1,1,3700,3.5,유통기한 없음,상온 보관 가능,"과일, 크래커, 햄버거",https://d38cxpfv0ljg7q.cloudfront.net/admin_contents/detail/Bsof-1631179069800-ep+a0.jpg,#어디서 마셔본 그 맛 #가볍게 즐기기 좋아요,향긋한 사과와 톡쏘는 탄산의 조화
한스오차드 사과와인,2,4,0,3,0,3,0,1,22400,11,유통기한 없음,상온 보관 가능,"제육 볶음, 연어초밥, 리코타치즈",https://d38cxpfv0ljg7q.cloudfront.net/admin_contents/detail/fe1w-1631180181351-hsocd+ap0.jpg,#우리나라 최초의 사과 와인 #산뜻하게 피어오르는 오크 풍미,누구나 쉽게 즐길 수 있는 와인
청명주,1,3,0,4,2,3,0,0,28000,13.8,제조일로부터 1년,냉장 보관,"새우 오일 파스타, 나물 무침, 비스킷",https://d38cxpfv0ljg7q.cloudfront.net/admin_contents/detail/64XF-1689919043112-thumbnail.jpg,#배치마다 맛이 달라져요 #생동감 넘치는 새콤함,누룩 명인의 손에서 탄생한 새콤달콤한 청명주
편백숲 산소막걸리 딸기 스파클링,0,4,0,3,2,4,1,0,15000,6.8,제조일로부터 30일,냉장 보관,"삼겹살, 양고기, 홍어 무침",https://d38cxpfv0ljg7q.cloudfront.net/admin_contents/detail/u765-1642776242438-1.jpg,#딸기맛 #탄산가득,딸기를 넣어 빚은 톡톡 튀는 스파클링 막걸리
소여강,3,0,2,3,0,0,0,0,23000,25,유통기한 없음,상온 보관 가능,"삼치구이, 소갈비살 구이, 숯불 닭갈비",https://d38cxpfv0ljg7q.cloudfront.net/admin_contents/detail/TbUW-1682474166570-%EC%8D%B8%EB%84%A4%EC%9D%BC-2.jpg,#메밀차를 마신 듯한 구수함 #뜨끈한 작열감까지 더해진,맛 좋기로 유명한 여주 쌀로 만든 옹기 숙성 증류주
헤베,2,2,0,2,0,4,1,2,5400,9,유통기한 없음,상온 보관 가능,"막국수, 고르곤졸라 피자, 초밥",https://d38cxpfv0ljg7q.cloudfront.net/admin_contents/detail/JwSj-1625725692969-%ED%97%A4%EB%B2%A0-5.png,#애플사이더 #청춘의여신,천연 탄산 무첨가 애플사이더
토박이 소곡화주,3,0,3,3,0,0,0,0,2000,41,유통기한 없음,상온 보관 가능,"조개구이, 산낙지, 불고기",https://d38cxpfv0ljg7q.cloudfront.net/admin_contents/detail/VxM2-1621006714638-%EC%86%8C%EA%B3%A1%ED%99%94%EC%A3%BC.jpg,#불타는 작열감 #구수한 증류주,앉은뱅이 술의 무한한 변신
한산소곡주,1,4,0,4,3,2,0,0,11000,16,제조일로부터 180일,냉장 보관,"샤브샤브, 제육 볶음, 약과",https://d38cxpfv0ljg7q.cloudfront.net/admin_contents/detail/xhxs-1657767046056-00.jpg,#앉은뱅이 술 #백제 선비 술,한 번 마시면 멈출 수 없는 맛
한주,3,0,3,3,0,0,0,0,14800,35,유통기한 없음,상온 보관 가능,"비빔밥, 호박전, 된장찌개",https://d38cxpfv0ljg7q.cloudfront.net/admin_contents/detail/GGpp-1673413861922-1.jpg,#정겨운 듯한 구수함 #편안한 목 넘김,서울시 무형문화재인 송절주 기능보유자에 의해 만들어지는 술
해남진양주,1,3,0,3,3,4,0,0,15000,16,제조일로부터 1년,냉장 보관,"떡갈비, 고구마 피자, 뚝배기 불고기",https://d38cxpfv0ljg7q.cloudfront.net/admin_contents/detail/05eU-1687315619652-%7F%7F%7F.jpg,#아몬드의 고소한 풍미 #상큼한 산미,200년 가까이 이어져 온 해남의 무형문화재 술
세인트하우스 모과와인,2,4,0,2,0,4,0,3,23000,12,유통기한 없음,냉장 보관,"과일치즈, 문어 숙회, 생선회",https://d38cxpfv0ljg7q.cloudfront.net/admin_contents/detail/IFuv-1659320945820-0.jpg,#모과 그대로 #새콤달콤,모과의 맛과 향이 살아있는 와인
해창 막걸리 9도,0,2,0,3,2,3,0,0,12000,9,제조일로부터 30일,냉장 보관,"모듬전, 도토리묵 무침, 두부김치",https://d38cxpfv0ljg7q.cloudfront.net/admin_contents/detail/pOrG-1684403153190-thumb.jpg,#부드러운 질감 #참외처럼 시원한 단맛,땅끝마을 해남에서 만드는 無감미료 막걸리
경복궁 소주 40,3,0,4,4,0,0,0,0,29000,40,유통기한 없음,냉장 보관,"참치타다끼, 유린기, 불고기 피자",https://d38cxpfv0ljg7q.cloudfront.net/admin_contents/detail/p4WC-1687312110737-%7F%7F%7F.jpg,#박하의 화사함 #구수한 고구마 향,조선 대표 궁궐인 경복궁의 품위를 표현한 증류주
민주 허브 막걸리,0,3,0,3,4,3,0,0,14300,14,제조일로부터 150일,냉장 보관,"고등어구이, 양갈비 구이, 뚝배기 부고기",https://d38cxpfv0ljg7q.cloudfront.net/admin_contents/detail/zPFn-1678432552207-1.jpg,#향긋한 로즈마리 향 #달콤쌉쌀함,세 가지 허브가 들어가 더욱 다채로운 풍미를 지닌 탁주
민주 포도 막걸리,0,2,0,2,3,2,0,0,13200,12,제조일로부터 150일,냉장 보관,"육포, 항정살, 등심 스테이크",https://d38cxpfv0ljg7q.cloudfront.net/admin_contents/detail/3qWt-1678431722294-1.jpg,#진짜 포도를 먹은 듯한 #생동감 넘치는 포도 풍미,포천에서 재배한 쌀과 포도로 만든 부드러운 막걸리
매실원주,3,3,2,3,0,0,0,0,6200,13,유통기한 없음,상온 보관 가능,"골뱅이 소면 무침, 카프레제, 냉채 족발",https://d38cxpfv0ljg7q.cloudfront.net/admin_contents/detail/LlIC-1637223491979-%EB%A7%A4%EC%8B%A4%EC%9B%90%EC%A3%BC-2.jpg,#달콤한 매실주 #매실음료 아님!,맛있게 한잔하고 싶은 날에 찾아주세요
당진소주,3,0,2,2,0,0,0,0,6500,25,유통기한 없음,상온 보관 가능,"고등어구이, 감조조림, 된장찌개",https://d38cxpfv0ljg7q.cloudfront.net/admin_contents/detail/Wlmj-1659680513590-1.jpg,#구수한 첫인상 #달콤쌉쌀한 끝마무리,"우리소주조합에서 출시한 가성비까지 챙긴 증류식 소주, 당진ver."
표문 막걸리,0,3,0,3,1,3,0,0,3500,6,제조일로부터 30일,냉장 보관,"오돌뼈, 피자, 불닭볶음면",https://d38cxpfv0ljg7q.cloudfront.net/admin_contents/detail/Qzzk-1660892348639-1.jpg,#깔끔한 목 넘김 #거꾸로 하면 곰표,한강주조와 대한제분의 콜라보 막걸리
홍삼명주,3,2,0,2,4,4,0,0,20000,14,유통기한 없음,상온 보관 가능,"닭볶음탕, 녹두전, 삼계탕",https://d38cxpfv0ljg7q.cloudfront.net/admin_contents/detail/HxXx-1676604520383-thumb1.jpg,#피로회복 #선물용 안성맞춤,살아 있는 기운 한 모금
단감명작,2,2,0,2,0,2,0,0,18000,7,유통기한 없음,상온 보관 가능,"바지락 술찜, 크림 새우, 연어 스테이크",https://d38cxpfv0ljg7q.cloudfront.net/admin_contents/detail/NBb3-1652435958856-1.jpg,#마치 사과주스를 마신 듯 #산뜻한 산미,단감으로 만든 한 잔의 명작
